{
  "alternate_category_count": 0.12395173422357435,
  "address_completeness": 0.08514635070624739,
  "cat_69": 0.06514997264796277,
  "cat_25": 0.054336016455369146,
  "mean_source_confidence": 0.04971554920821941,
  "confidence": 0.04859326208858379,
  "max_source_confidence": 0.048209634718578344,
  "min_source_confidence": 0.04574958097697596,
  "cat_95": 0.03439038169532748,
  "cat_66": 0.03350875228391757,
  "cat_26": 0.032382709310496596,
  "cat_85": 0.029738937472590907,
  "cat_281": 0.021217666265153437,
  "cat_82": 0.02078688449445724,
  "cat_136": 0.01731235556889197,
  "cat_65": 0.016589604840016633,
  "cat_158": 0.014497818879655325,
  "cat_285": 0.013169555755932483,
  "cat_244": 0.012594116377276914,
  "cat_240": 0.012215886037672177,
  "cat_80": 0.01205379356793546,
  "cat_54": 0.011820225710032054,
  "cat_123": 0.011165565593448307,
  "cat_3": 0.010224057544272466,
  "cat_207": 0.009443441661498133,
  "cat_241": 0.00881595702460762,
  "cat_144": 0.008406478944404978,
  "cat_76": 0.008372440474959747,
  "cat_173": 0.008272085924483771,
  "cat_292": 0.007806281159782528,
  "cat_145": 0.007352828531830963,
  "cat_83": 0.007271097164771073,
  "cat_220": 0.00704159755259527,
  "cat_160": 0.006820660627029277,
  "cat_210": 0.005481389418155737,
  "cat_269": 0.0049006268991011745,
  "cat_62": 0.004247990927198003,
  "cat_175": 0.004117327236056499,
  "cat_146": 0.003511382328672282,
  "cat_178": 0.0032350829309634762,
  "cat_268": 0.0029317242212240848,
  "cat_224": 0.002672130132382369,
  "cat_205": 0.0026577379347857426,
  "cat_262": 0.002656929442138087,
  "cat_287": 0.002586762352235631,
  "cat_278": 0.002548269809841597,
  "cat_53": 0.0022167856243703,
  "cat_284": 0.002089497209356493,
  "cat_188": 0.0020182939987595915,
  "cat_34": 0.0019311605436623724,
  "cat_4": 0.001758280683011743,
  "cat_192": 0.001713282153616107,
  "cat_127": 0.0016299103800092116,
  "cat_200": 0.0015780186536160168,
  "cat_258": 0.0015718674527817067,
  "cat_97": 0.001557955023561153,
  "cat_61": 0.0014899790167517768,
  "primary_category": 0.0014825401219380476,
  "cat_197": 0.0014221780335443798,
  "cat_30": 0.0014171918721525897,
  "cat_184": 0.0013534506925051975,
  "cat_196": 0.0013034670033461476,
  "cat_165": 0.0012916664908148114,
  "cat_245": 0.0012446453299835487,
  "cat_120": 0.0011370729611590812,
  "cat_125": 0.001122270248678415,
  "cat_283": 0.0010889676812810267,
  "cat_246": 0.001080851030670293,
  "cat_90": 0.0010725560805017469,
  "cat_235": 0.001039884095736935,
  "cat_126": 0.000902072181868964,
  "cat_253": 0.0008756142505348046,
  "cat_52": 0.000864400372030817,
  "cat_271": 0.0008392007413498125,
  "cat_49": 0.000744158491825605,
  "cat_0": 0.0007164777154768234,
  "cat_15": 0.0006862935766520358,
  "cat_286": 0.0006850781544142828,
  "cat_162": 0.0006799433429737449,
  "cat_248": 0.0006630574182708678,
  "cat_1": 0.0006371170477306214,
  "cat_60": 0.0006240084959142309,
  "cat_166": 0.0006106795199977468,
  "cat_177": 0.0005667280784682854,
  "cat_182": 0.0005518971449869534,
  "cat_199": 0.0005236851725952275,
  "cat_228": 0.0004742235062459058,
  "cat_163": 0.000471245827583328,
  "cat_114": 0.00046836446471678624,
  "cat_116": 0.00045598993301904664,
  "cat_267": 0.0004468643544735753,
  "cat_219": 0.00042290958412730367,
  "cat_190": 0.0003332175919003739,
  "cat_139": 0.00032964058438798453,
  "cat_18": 0.0003073395842486092,
  "cat_20": 0.0003047890153225379,
  "cat_132": 0.00027880519137737193,
  "cat_208": 0.0002667897917210665,
  "cat_115": 0.00026521487222366016,
  "cat_250": 0.00026398169853869704,
  "cat_106": 0.0002504520265277317,
  "cat_198": 0.0002338892656298491,
  "cat_229": 0.00021401628541955448,
  "cat_94": 0.00020021879486131192,
  "cat_14": 0.00017811405031783854,
  "has_alternate_categories": 0.00016337565380456938,
  "cat_147": 0.00015177577142006204,
  "cat_168": 0.00014955001114214488,
  "cat_109": 0.00014671284228546714,
  "cat_63": 0.00013316658729669128,
  "cat_39": 0.00013067172903869946,
  "cat_22": 0.0001298317301979081,
  "cat_16": 0.00012790201681878592,
  "cat_98": 8.026000640422414e-05,
  "cat_32": 7.80333693272905e-05,
  "cat_187": 6.966533815956474e-05,
  "cat_233": 2.016931325640414e-05,
  "source_count": 0.0,
  "has_meta": 0.0,
  "has_microsoft": 0.0,
  "confidence_spread": 0.0,
  "msft_update_age_days": 0.0,
  "has_website": 0.0,
  "has_phone": 0.0,
  "has_socials": 0.0,
  "has_brand": 0.0,
  "website_count": 0.0,
  "phone_count": 0.0,
  "completeness_score": 0.0,
  "cat_2": 0.0,
  "cat_5": 0.0,
  "cat_6": 0.0,
  "cat_7": 0.0,
  "cat_8": 0.0,
  "cat_9": 0.0,
  "cat_10": 0.0,
  "cat_11": 0.0,
  "cat_12": 0.0,
  "cat_13": 0.0,
  "cat_17": 0.0,
  "cat_19": 0.0,
  "cat_21": 0.0,
  "cat_23": 0.0,
  "cat_24": 0.0,
  "cat_27": 0.0,
  "cat_28": 0.0,
  "cat_29": 0.0,
  "cat_31": 0.0,
  "cat_33": 0.0,
  "cat_35": 0.0,
  "cat_36": 0.0,
  "cat_37": 0.0,
  "cat_38": 0.0,
  "cat_40": 0.0,
  "cat_41": 0.0,
  "cat_42": 0.0,
  "cat_43": 0.0,
  "cat_44": 0.0,
  "cat_45": 0.0,
  "cat_46": 0.0,
  "cat_47": 0.0,
  "cat_48": 0.0,
  "cat_50": 0.0,
  "cat_51": 0.0,
  "cat_55": 0.0,
  "cat_56": 0.0,
  "cat_57": 0.0,
  "cat_58": 0.0,
  "cat_59": 0.0,
  "cat_64": 0.0,
  "cat_67": 0.0,
  "cat_68": 0.0,
  "cat_70": 0.0,
  "cat_71": 0.0,
  "cat_72": 0.0,
  "cat_73": 0.0,
  "cat_74": 0.0,
  "cat_75": 0.0,
  "cat_77": 0.0,
  "cat_78": 0.0,
  "cat_79": 0.0,
  "cat_81": 0.0,
  "cat_84": 0.0,
  "cat_86": 0.0,
  "cat_87": 0.0,
  "cat_88": 0.0,
  "cat_89": 0.0,
  "cat_91": 0.0,
  "cat_92": 0.0,
  "cat_93": 0.0,
  "cat_96": 0.0,
  "cat_99": 0.0,
  "cat_100": 0.0,
  "cat_101": 0.0,
  "cat_102": 0.0,
  "cat_103": 0.0,
  "cat_104": 0.0,
  "cat_105": 0.0,
  "cat_107": 0.0,
  "cat_108": 0.0,
  "cat_110": 0.0,
  "cat_111": 0.0,
  "cat_112": 0.0,
  "cat_113": 0.0,
  "cat_117": 0.0,
  "cat_118": 0.0,
  "cat_119": 0.0,
  "cat_121": 0.0,
  "cat_122": 0.0,
  "cat_124": 0.0,
  "cat_128": 0.0,
  "cat_129": 0.0,
  "cat_130": 0.0,
  "cat_131": 0.0,
  "cat_133": 0.0,
  "cat_134": 0.0,
  "cat_135": 0.0,
  "cat_137": 0.0,
  "cat_138": 0.0,
  "cat_140": 0.0,
  "cat_141": 0.0,
  "cat_142": 0.0,
  "cat_143": 0.0,
  "cat_148": 0.0,
  "cat_149": 0.0,
  "cat_150": 0.0,
  "cat_151": 0.0,
  "cat_152": 0.0,
  "cat_153": 0.0,
  "cat_154": 0.0,
  "cat_155": 0.0,
  "cat_156": 0.0,
  "cat_157": 0.0,
  "cat_159": 0.0,
  "cat_161": 0.0,
  "cat_164": 0.0,
  "cat_167": 0.0,
  "cat_169": 0.0,
  "cat_170": 0.0,
  "cat_171": 0.0,
  "cat_172": 0.0,
  "cat_174": 0.0,
  "cat_176": 0.0,
  "cat_179": 0.0,
  "cat_180": 0.0,
  "cat_181": 0.0,
  "cat_183": 0.0,
  "cat_185": 0.0,
  "cat_186": 0.0,
  "cat_189": 0.0,
  "cat_191": 0.0,
  "cat_193": 0.0,
  "cat_194": 0.0,
  "cat_195": 0.0,
  "cat_201": 0.0,
  "cat_202": 0.0,
  "cat_203": 0.0,
  "cat_204": 0.0,
  "cat_206": 0.0,
  "cat_209": 0.0,
  "cat_211": 0.0,
  "cat_212": 0.0,
  "cat_213": 0.0,
  "cat_214": 0.0,
  "cat_215": 0.0,
  "cat_216": 0.0,
  "cat_217": 0.0,
  "cat_218": 0.0,
  "cat_221": 0.0,
  "cat_222": 0.0,
  "cat_223": 0.0,
  "cat_225": 0.0,
  "cat_226": 0.0,
  "cat_227": 0.0,
  "cat_230": 0.0,
  "cat_231": 0.0,
  "cat_232": 0.0,
  "cat_234": 0.0,
  "cat_236": 0.0,
  "cat_237": 0.0,
  "cat_238": 0.0,
  "cat_239": 0.0,
  "cat_242": 0.0,
  "cat_243": 0.0,
  "cat_247": 0.0,
  "cat_249": 0.0,
  "cat_251": 0.0,
  "cat_252": 0.0,
  "cat_254": 0.0,
  "cat_255": 0.0,
  "cat_256": 0.0,
  "cat_257": 0.0,
  "cat_259": 0.0,
  "cat_260": 0.0,
  "cat_261": 0.0,
  "cat_263": 0.0,
  "cat_264": 0.0,
  "cat_265": 0.0,
  "cat_266": 0.0,
  "cat_270": 0.0,
  "cat_272": 0.0,
  "cat_273": 0.0,
  "cat_274": 0.0,
  "cat_275": 0.0,
  "cat_276": 0.0,
  "cat_277": 0.0,
  "cat_279": 0.0,
  "cat_280": 0.0,
  "cat_282": 0.0,
  "cat_288": 0.0,
  "cat_289": 0.0,
  "cat_290": 0.0,
  "cat_291": 0.0,
  "cat_293": 0.0
}